INSERT INTO region (country_iso, country_iso3, nuts, name, phone_prefix, phone_nsn)
VALUES ('EP', 'WTF', 'WTF', 'NEZNÁMÝ', null, null), -- Kvůli nějakému expertu z DAKOSu
       ('SK', 'SVK', 'SK', 'Slovensko', '+421', 9),
       ('CZ', 'CZE', 'CZ', 'Česká republika', '+420', 9),
       ('DE', 'DEU', 'DE', 'Deutschland', null, null),
       ('FR', 'FRA', 'FR', 'France', null, null),
       ('BY', 'BLR', 'BY', 'Беларусь', null, null),
       ('RS', 'SRB', 'RS', 'Srbija', null, null),
       ('TR', 'TUR', 'TR', 'Türkiye', null, null),
       ('HU', 'HUN', 'HU', 'Magyarország', null, null),
       ('LT', 'LTU', 'LT', 'Lietuva', null, null),
       ('US', 'USA', 'US', 'United States of America', null, null),
       ('SK', 'SVK', 'SK010', 'Bratislavský kraj', null, null),
       ('SK', 'SVK', 'SK021', 'Trnavský kraj', null, null),
       ('SK', 'SVK', 'SK022', 'Trenčiansky kraj', null, null),
       ('SK', 'SVK', 'SK023', 'Nitriansky kraj', null, null),
       ('SK', 'SVK', 'SK031', 'Žilinský kraj', null, null),
       ('SK', 'SVK', 'SK032', 'Banskobystrický kraj', null, null),
       ('SK', 'SVK', 'SK041', 'Prešovský kraj', null, null),
       ('SK', 'SVK', 'SK042', 'Košický kraj', null, null),
       ('CZ', 'CZE', 'CZ010', 'Hlavní město Praha', null, null),
       ('CZ', 'CZE', 'CZ020', 'Středočeský kraj', null, null),
       ('CZ', 'CZE', 'CZ031', 'Jihočeský kraj', null, null),
       ('CZ', 'CZE', 'CZ032', 'Plzeňský kraj', null, null),
       ('CZ', 'CZE', 'CZ041', 'Karlovarský kraj', null, null),
       ('CZ', 'CZE', 'CZ042', 'Ústecký kraj', null, null),
       ('CZ', 'CZE', 'CZ051', 'Liberecký kraj', null, null),
       ('CZ', 'CZE', 'CZ052', 'Královéhradecký kraj', null, null),
       ('CZ', 'CZE', 'CZ053', 'Pardubický kraj', null, null),
       ('CZ', 'CZE', 'CZ063', 'Kraj Vysočina', null, null),
       ('CZ', 'CZE', 'CZ064', 'Jihomoravský kraj', null, null),
       ('CZ', 'CZE', 'CZ071', 'Olomoucký kraj', null, null),
       ('CZ', 'CZE', 'CZ072', 'Zlínský kraj', null, null),
       ('CZ', 'CZE', 'CZ080', 'Moravskoslezský kraj', null, null);

INSERT INTO contest (contest_id, name)
VALUES (1, 'FYKOS'),
       (2, 'VÝFUK');

INSERT INTO study_year (study_year)
VALUES (1),
       (2),
       (3),
       (4),
       (6),
       (7),
       (8),
       (9);

INSERT INTO `role` (`role_id`, `name`, `description`)
VALUES (1, 'webmaster', 'webař'),
       (2, 'taskManager', 'úlohář'),
       (3, 'dispatcher', 'koordinátor obálkování'),
       (4, 'dataManager', 'správce (dat) DB'),
       (5, 'eventManager', 'správce přihlášek'),
       (6, 'inboxManager', 'příjemce řešení'),
       (7, 'boss', 'hlavní organizátor (šéf)'),
       (8, 'org', 'základní role organizátora'),
       (9, 'contestant', 'řešitel semináře, role je automaticky přiřazována při vytvoření řešitele'),
       (10, 'exportDesigner', 'tvůrce exportů'),
       (11, 'aesop', 'oslizávač dat pro AESOP'),
       (12, 'schoolManager', 'správce dat škol'),
       (13, 'web', 'Dokuwiki uživatel pro fksdbexport'),
       (14, 'wiki', 'Uživatel neveřejné Dokuwiki pro fksdbexport'),
       (100, 'superuser', 'složení všech rolí'),
       (1000, 'cartesian', 'cokoli s čímkoli');

INSERT INTO `flag` (`flag_id`, `fid`, `name`, `description`, `type`)
VALUES (1, 'serial_author', 'serial_author', 'Je organizátornizátor autor seriálu', 'contest_year'),
       (2, 'email_invalid', 'Neplatný e-mail',
        'E-maily zaslané na danou adresu se nám již nekdy vrátily. Zatím sem nepatri adresy, u nichž je hlášen \'mailbox full\'.',
        'global'),
       (3, 'spam_mff', 'Spam z MFF', 'Zda si preje/nepreje dostávat spam z Matfyzu.', 'global'),
       (4, 'send_forum', 'Notifikace ze fóra', 'Ze starého fóra na FYKOSím webu.', 'global'),
       (5, 'send_forum_dgst', 'Digesty z fóra', 'Posílat digesty ze starého fóra na FYKOSím webu.', 'global');

INSERT INTO `event_type` (`event_type_id`, `contest_id`, `name`)
VALUES (1, 1, 'FYKOSí Fyziklání'),
       (2, 1, 'Den s experimentální fyzikou'),
       (3, 1, 'FYKOSí víkend'),
       (4, 1, 'jarní soustředění'),
       (5, 1, 'podzimní soustředění'),
       (6, 1, 'soustředění/zájezd do CERNu'),
       (7, 1, 'Týden s aplikovanou fyzikou'),
       (8, 2, 'MFnáboj'),
       (9, 1, 'Fyziklání online'),
       (10, 2, '(Letní) tábor'),
       (11, 2, 'Jarní setkání řešitelů'),
       (12, 2, 'Podzimní setkání řešitelů'),
       (13, 2, 'Náboj Junior'),
       (14, 1, 'Den s experimentální fyzikou 2'),
       (15, 2, 'Výfučí Kyberkoncil'),
       (16, 1, 'FYKOSí Online Víkend');

INSERT INTO `event_status` (`status`, `description`)
VALUES ('applied', 'obecně přihlášen'),
       ('applied.nodsef', 'Přihlášení bez DSEFu.'),
       ('applied.notsaf', 'Přihlášení vyplynulo z TSAFu, ale tam už není.'),
       ('applied.tsaf', 'Přihlášení vyplynulo z TSAFu'),
       ('approved', 'schváleno'),
       ('auto.invited', 'pozván z dle heuristiky'),
       ('auto.spare', 'náhradník z heuristiky'),
       ('cancelled', 'místo smazání'),
       ('disqualified', NULL),
       ('interested', 'projevil zájem, chce jet'),
       ('invited', 'Pozvaný'),
       ('invited1', 'Pozvaný s jednou upomínkou'),
       ('invited2', 'Pozvaný se dvěma upomínkami'),
       ('invited3', 'Pozvaný se třemi upomínkami'),
       ('missed', 'nepřijel, při prezenci'),
       ('out_of_db', 'Řeší se mimo FKSDB'),
       ('paid', 'zaplatil'),
       ('participated', 'opravdu se zúčastnil'),
       ('pending', 'čeká na schválení'),
       ('rejected', 'odmítnul, odmítnut'),
       ('spare', 'náhradník'),
       ('spare.tsaf', 'náhradník pro TSAF'),
       ('spare1', 'Náhradník s jednou upomínkou'),
       ('spare2', 'Náhradník se dvěma upomínkami'),
       ('spare3', 'Náhradník se třemi upomínkami');

INSERT INTO `fyziklani_room` (fyziklani_room_id, name, layout)
VALUES (1, 'Top Hotel', 'topHotel'),
       (2, 'PVA Letňany', 'pva');

INSERT INTO `fyziklani_seat` (`fyziklani_seat_id`, `fyziklani_room_id`, `sector`, `layout_x`, `layout_y`)
VALUES (1, 1, 'A', 800, -860),
       (2, 1, 'A', 840, -820),
       (3, 1, 'A', 840, -900),
       (4, 1, 'A', 880, -780),
       (5, 1, 'A', 880, -860),
       (6, 1, 'A', 880, -940),
       (7, 1, 'A', 920, -740),
       (8, 1, 'A', 920, -820),
       (9, 1, 'A', 920, -900),
       (10, 1, 'A', 920, -980),
       (11, 1, 'A', 960, -700),
       (12, 1, 'A', 960, -780),
       (13, 1, 'A', 960, -860),
       (14, 1, 'A', 960, -940),
       (15, 1, 'A', 960, -1020),
       (16, 1, 'A', 1000, -660),
       (17, 1, 'A', 1000, -740),
       (18, 1, 'A', 1000, -820),
       (19, 1, 'A', 1000, -900),
       (20, 1, 'A', 1000, -980),
       (21, 1, 'A', 1000, -1060),
       (22, 1, 'A', 1040, -700),
       (23, 1, 'A', 1040, -780),
       (24, 1, 'A', 1040, -860),
       (25, 1, 'A', 1040, -940),
       (26, 1, 'A', 1040, -1020),
       (27, 1, 'A', 1080, -740),
       (28, 1, 'A', 1080, -820),
       (29, 1, 'A', 1080, -900),
       (30, 1, 'A', 1080, -980),
       (31, 1, 'A', 1120, -780),
       (32, 1, 'A', 1120, -860),
       (33, 1, 'A', 1120, -940),
       (34, 1, 'A', 1160, -820),
       (35, 1, 'B', 940, -1120),
       (36, 1, 'B', 900, -1160),
       (37, 1, 'B', 900, -1080),
       (38, 1, 'B', 860, -1200),
       (39, 1, 'B', 860, -1120),
       (40, 1, 'B', 860, -1040),
       (41, 1, 'B', 820, -1240),
       (42, 1, 'B', 820, -1160),
       (43, 1, 'B', 820, -1080),
       (44, 1, 'B', 820, -1000),
       (45, 1, 'B', 780, -1200),
       (46, 1, 'B', 780, -1120),
       (47, 1, 'B', 780, -1040),
       (48, 1, 'B', 780, -960),
       (49, 1, 'B', 740, -1240),
       (50, 1, 'B', 740, -1160),
       (51, 1, 'B', 740, -1080),
       (52, 1, 'B', 740, -1000),
       (53, 1, 'B', 740, -920),
       (54, 1, 'B', 700, -1280),
       (55, 1, 'B', 700, -1200),
       (56, 1, 'B', 700, -1120),
       (57, 1, 'B', 700, -1040),
       (58, 1, 'B', 700, -960),
       (59, 1, 'B', 660, -1240),
       (60, 1, 'B', 660, -1160),
       (61, 1, 'B', 660, -1080),
       (62, 1, 'B', 660, -1000),
       (63, 1, 'B', 620, -1200),
       (64, 1, 'B', 620, -1120),
       (65, 1, 'B', 620, -1040),
       (66, 1, 'B', 580, -1160),
       (67, 1, 'B', 580, -1080),
       (68, 1, 'B', 540, -1120),
       (69, 1, 'D', 1040, -460),
       (70, 1, 'D', 1000, -420),
       (71, 1, 'D', 960, -460),
       (72, 1, 'D', 960, -540),
       (73, 1, 'D', 920, -420),
       (74, 1, 'D', 920, -500),
       (75, 1, 'D', 920, -580),
       (76, 1, 'D', 880, -460),
       (77, 1, 'D', 880, -540),
       (78, 1, 'D', 880, -620),
       (79, 1, 'D', 840, -420),
       (80, 1, 'D', 840, -500),
       (81, 1, 'D', 840, -580),
       (82, 1, 'D', 840, -660),
       (83, 1, 'D', 800, -460),
       (84, 1, 'D', 800, -540),
       (85, 1, 'D', 800, -620),
       (86, 1, 'D', 800, -700),
       (87, 1, 'D', 760, -580),
       (88, 1, 'D', 760, -660),
       (89, 1, 'D', 760, -740),
       (90, 1, 'D', 720, -540),
       (91, 1, 'D', 720, -620),
       (92, 1, 'D', 720, -700),
       (93, 1, 'D', 720, -780),
       (94, 1, 'D', 680, -580),
       (95, 1, 'D', 680, -660),
       (96, 1, 'D', 680, -740),
       (97, 1, 'D', 640, -540),
       (98, 1, 'D', 640, -620),
       (99, 1, 'D', 640, -700),
       (100, 1, 'D', 600, -500),
       (101, 1, 'D', 600, -580),
       (102, 1, 'D', 600, -660),
       (103, 1, 'D', 565, -545),
       (104, 1, 'D', 560, -620),
       (105, 1, 'D', 520, -420),
       (106, 1, 'D', 530, -510),
       (107, 1, 'D', 525, -585),
       (108, 1, 'D', 495, -475),
       (109, 1, 'D', 490, -550),
       (110, 1, 'D', 460, -440),
       (111, 1, 'D', 455, -515),
       (112, 1, 'D', 420, -480),
       (113, 1, 'C', 300, -1120),
       (114, 1, 'C', 300, -1040),
       (115, 1, 'C', 300, -960),
       (116, 1, 'C', 300, -640),
       (117, 1, 'C', 320, -580),
       (118, 1, 'C', 340, -1160),
       (119, 1, 'C', 340, -1080),
       (120, 1, 'C', 340, -1000),
       (121, 1, 'C', 340, -920),
       (122, 1, 'C', 355, -615),
       (123, 1, 'C', 360, -540),
       (124, 1, 'C', 380, -1040),
       (125, 1, 'C', 380, -960),
       (126, 1, 'C', 390, -650),
       (127, 1, 'C', 395, -575),
       (128, 1, 'C', 420, -1080),
       (129, 1, 'C', 420, -1000),
       (130, 1, 'C', 420, -920),
       (131, 1, 'C', 420, -840),
       (132, 1, 'C', 420, -760),
       (133, 1, 'C', 425, -685),
       (134, 1, 'C', 430, -610),
       (135, 1, 'C', 460, -1040),
       (136, 1, 'C', 460, -960),
       (137, 1, 'C', 460, -880),
       (138, 1, 'C', 460, -800),
       (139, 1, 'C', 460, -720),
       (140, 1, 'C', 465, -645),
       (141, 1, 'C', 500, -1000),
       (142, 1, 'C', 500, -920),
       (143, 1, 'C', 500, -840),
       (144, 1, 'C', 500, -760),
       (145, 1, 'C', 500, -680),
       (146, 1, 'C', 540, -960),
       (147, 1, 'C', 540, -880),
       (148, 1, 'C', 540, -800),
       (149, 1, 'C', 540, -720),
       (150, 1, 'C', 580, -920),
       (151, 1, 'C', 580, -840),
       (152, 1, 'C', 580, -760),
       (153, 1, 'C', 620, -880),
       (154, 1, 'C', 620, -800),
       (155, 1, 'C', 660, -840),
       (156, 1, 'E', 160, -730),
       (157, 1, 'E', 160, -660),
       (158, 1, 'E', 160, -610),
       (159, 1, 'E', 160, -560),
       (160, 1, 'E', 160, -510),
       (161, 1, 'E', 160, -1090),
       (162, 1, 'E', 160, -1040),
       (163, 1, 'E', 160, -940),
       (164, 1, 'E', 160, -830),
       (165, 1, 'E', 160, -880),
       (166, 1, 'E', 160, -780),
       (167, 1, 'E', 235, -510),
       (168, 1, 'E', 115, -510),
       (169, 1, 'E', 235, -560),
       (170, 1, 'E', 115, -560),
       (171, 1, 'E', 235, -610),
       (172, 1, 'E', 115, -610),
       (173, 1, 'E', 235, -660),
       (174, 1, 'E', 115, -660),
       (175, 1, 'E', 235, -730),
       (176, 1, 'E', 115, -730),
       (177, 1, 'E', 115, -780),
       (178, 1, 'E', 115, -880),
       (179, 1, 'E', 235, -990),
       (180, 1, 'E', 115, -830),
       (181, 1, 'E', 235, -940),
       (182, 1, 'E', 115, -940),
       (183, 1, 'E', 235, -1040),
       (184, 1, 'E', 115, -1040),
       (185, 1, 'E', 235, -1090),
       (186, 1, 'E', 115, -1090),
       (187, 1, 'E', 115, -990),
       (188, 1, 'E', 160, -990),
       (189, 1, 'A', 1040, -1100),
       (190, 1, 'A', 1080, -1060),
       (191, 1, 'A', 1120, -1020),
       (192, 1, 'A', 1160, -980),
       (193, 1, 'A', 1160, -900),
       (194, 1, 'B', 980, -1160),
       (195, 1, 'B', 940, -1200),
       (196, 1, 'B', 900, -1240),
       (197, 1, 'B', 860, -1280),
       (198, 1, 'B', 780, -1280),
       (199, 1, 'E', 115, -1160),
       (200, 1, 'E', 235, -1160),
       (201, 1, 'E', 160, -1160),
       (202, 1, 'E', 115, -1210),
       (203, 1, 'E', 235, -1210),
       (204, 1, 'E', 160, -1210),
       (205, 2, 'A', 130, -170),
       (206, 2, 'B', -130, -170),
       (207, 2, 'C', -130, 170),
       (208, 2, 'D', 130, 170),
       (209, 2, 'A', 130, -230),
       (210, 2, 'B', -130, -230),
       (211, 2, 'C', -130, 230),
       (212, 2, 'D', 130, 230),
       (213, 2, 'C', -130, 290),
       (214, 2, 'D', 130, 290),
       (219, 2, 'A', 190, -110),
       (220, 2, 'B', -190, -110),
       (221, 2, 'C', -190, 110),
       (222, 2, 'D', 190, 110),
       (223, 2, 'A', 190, -170),
       (224, 2, 'B', -190, -170),
       (225, 2, 'C', -190, 170),
       (226, 2, 'D', 190, 170),
       (227, 2, 'A', 190, -230),
       (228, 2, 'B', -190, -230),
       (229, 2, 'C', -190, 230),
       (230, 2, 'D', 190, 230),
       (231, 2, 'C', -190, 290),
       (232, 2, 'D', 190, 290),
       (233, 2, 'A', 250, -50),
       (234, 2, 'B', -250, -50),
       (235, 2, 'C', -250, 50),
       (236, 2, 'D', 250, 50),
       (237, 2, 'A', 250, -110),
       (238, 2, 'B', -250, -110),
       (239, 2, 'C', -250, 110),
       (240, 2, 'D', 250, 110),
       (241, 2, 'A', 250, -170),
       (242, 2, 'B', -250, -170),
       (243, 2, 'C', -250, 170),
       (244, 2, 'D', 250, 170),
       (245, 2, 'A', 250, -230),
       (246, 2, 'B', -250, -230),
       (247, 2, 'C', -250, 230),
       (248, 2, 'D', 250, 230),
       (249, 2, 'C', -250, 290),
       (250, 2, 'D', 250, 290),
       (251, 2, 'A', 310, -50),
       (252, 2, 'B', -310, -50),
       (253, 2, 'C', -310, 50),
       (254, 2, 'D', 310, 50),
       (255, 2, 'A', 310, -110),
       (256, 2, 'B', -310, -110),
       (257, 2, 'C', -310, 110),
       (258, 2, 'D', 310, 110),
       (259, 2, 'A', 310, -170),
       (260, 2, 'B', -310, -170),
       (261, 2, 'C', -310, 170),
       (262, 2, 'D', 310, 170),
       (263, 2, 'A', 310, -230),
       (264, 2, 'B', -310, -230),
       (265, 2, 'C', -310, 230),
       (266, 2, 'D', 310, 230),
       (267, 2, 'C', -310, 290),
       (268, 2, 'D', 310, 290),
       (269, 2, 'A', 430, -50),
       (270, 2, 'B', -430, -50),
       (271, 2, 'C', -430, 50),
       (272, 2, 'D', 430, 50),
       (273, 2, 'A', 430, -110),
       (274, 2, 'B', -430, -110),
       (275, 2, 'C', -430, 110),
       (276, 2, 'D', 430, 110),
       (277, 2, 'A', 430, -170),
       (278, 2, 'B', -430, -170),
       (279, 2, 'C', -430, 170),
       (280, 2, 'D', 430, 170),
       (281, 2, 'A', 430, -230),
       (282, 2, 'B', -430, -230),
       (283, 2, 'C', -430, 230),
       (284, 2, 'D', 430, 230),
       (285, 2, 'C', -430, 290),
       (286, 2, 'D', 430, 290),
       (287, 2, 'A', 490, -50),
       (288, 2, 'B', -490, -50),
       (289, 2, 'C', -490, 50),
       (290, 2, 'D', 490, 50),
       (291, 2, 'A', 490, -110),
       (292, 2, 'B', -490, -110),
       (293, 2, 'C', -490, 110),
       (294, 2, 'D', 490, 110),
       (295, 2, 'A', 490, -170),
       (296, 2, 'B', -490, -170),
       (297, 2, 'C', -490, 170),
       (298, 2, 'D', 490, 170),
       (299, 2, 'A', 490, -230),
       (300, 2, 'B', -490, -230),
       (301, 2, 'C', -490, 230),
       (302, 2, 'D', 490, 230),
       (303, 2, 'C', -490, 290),
       (304, 2, 'D', 490, 290),
       (305, 2, 'A', 550, -50),
       (306, 2, 'B', -550, -50),
       (307, 2, 'C', -550, 50),
       (308, 2, 'D', 550, 50),
       (309, 2, 'A', 550, -110),
       (310, 2, 'B', -550, -110),
       (311, 2, 'C', -550, 110),
       (312, 2, 'D', 550, 110),
       (313, 2, 'A', 550, -170),
       (314, 2, 'B', -550, -170),
       (315, 2, 'C', -550, 170),
       (316, 2, 'D', 550, 170),
       (317, 2, 'A', 550, -230),
       (318, 2, 'B', -550, -230),
       (319, 2, 'C', -550, 230),
       (320, 2, 'D', 550, 230),
       (321, 2, 'C', -550, 290),
       (322, 2, 'D', 550, 290),
       (323, 2, 'A', 610, -50),
       (324, 2, 'B', -610, -50),
       (325, 2, 'C', -610, 50),
       (326, 2, 'D', 610, 50),
       (327, 2, 'A', 610, -110),
       (328, 2, 'B', -610, -110),
       (329, 2, 'C', -610, 110),
       (330, 2, 'D', 610, 110),
       (331, 2, 'A', 610, -170),
       (332, 2, 'B', -610, -170),
       (333, 2, 'C', -610, 170),
       (334, 2, 'D', 610, 170),
       (335, 2, 'A', 610, -230),
       (336, 2, 'B', -610, -230),
       (337, 2, 'C', -610, 230),
       (338, 2, 'D', 610, 230),
       (339, 2, 'C', -610, 290),
       (340, 2, 'D', 610, 290),
       (341, 2, 'A', 670, -50),
       (342, 2, 'B', -670, -50),
       (343, 2, 'C', -670, 50),
       (344, 2, 'D', 670, 50),
       (345, 2, 'A', 670, -110),
       (346, 2, 'B', -670, -110),
       (347, 2, 'C', -670, 110),
       (348, 2, 'D', 670, 110),
       (349, 2, 'A', 670, -170),
       (350, 2, 'B', -670, -170),
       (351, 2, 'C', -670, 170),
       (352, 2, 'D', 670, 170),
       (353, 2, 'A', 670, -230),
       (354, 2, 'B', -670, -230),
       (355, 2, 'C', -670, 230),
       (356, 2, 'D', 670, 230),
       (357, 2, 'C', -670, 290),
       (358, 2, 'D', 670, 290),
       (359, 2, 'A', 730, -50),
       (360, 2, 'B', -730, -50),
       (361, 2, 'C', -730, 50),
       (362, 2, 'D', 730, 50),
       (363, 2, 'A', 730, -110),
       (364, 2, 'B', -730, -110),
       (365, 2, 'C', -730, 110),
       (366, 2, 'D', 730, 110),
       (367, 2, 'A', 730, -170),
       (368, 2, 'B', -730, -170),
       (369, 2, 'C', -730, 170),
       (370, 2, 'D', 730, 170),
       (371, 2, 'A', 730, -230),
       (372, 2, 'B', -730, -230),
       (373, 2, 'C', -730, 230),
       (374, 2, 'D', 730, 230),
       (375, 2, 'C', -730, 290),
       (376, 2, 'D', 730, 290),
       (377, 2, 'A', 790, -50),
       (378, 2, 'B', -790, -50),
       (379, 2, 'C', -790, 50),
       (380, 2, 'D', 790, 50),
       (381, 2, 'A', 790, -110),
       (382, 2, 'B', -790, -110),
       (383, 2, 'C', -790, 110),
       (384, 2, 'D', 790, 110),
       (385, 2, 'A', 790, -170),
       (386, 2, 'B', -790, -170),
       (387, 2, 'C', -790, 170),
       (388, 2, 'D', 790, 170),
       (389, 2, 'A', 790, -230),
       (390, 2, 'B', -790, -230),
       (391, 2, 'C', -790, 230),
       (392, 2, 'D', 790, 230),
       (393, 2, 'C', -790, 290),
       (394, 2, 'D', 790, 290),
       (395, 2, 'A', 850, -50),
       (396, 2, 'D', 850, 50),
       (397, 2, 'A', 850, -110),
       (398, 2, 'D', 850, 110),
       (399, 2, 'A', 850, -170),
       (400, 2, 'D', 850, 170),
       (401, 2, 'A', 850, -230),
       (402, 2, 'D', 850, 230),
       (403, 2, 'D', 850, 290),
       (404, 2, 'B', -850, -50),
       (405, 2, 'C', -850, 50),
       (406, 2, 'B', -850, -110),
       (407, 2, 'C', -850, 110),
       (408, 2, 'B', -850, -170),
       (409, 2, 'C', -850, 170),
       (410, 2, 'B', -850, -230),
       (411, 2, 'C', -850, 230),
       (412, 2, 'C', -850, 290);

insert into `country` (country_id, name, alpha_2, alpha_3)
VALUES (004, 'Afghanistan', 'AF', 'AFG'),
       (248, 'Åland Islands', 'AX', 'ALA'),
       (008, 'Albania', 'AL', 'ALB'),
       (012, 'Algeria', 'DZ', 'DZA'),
       (016, 'American Samoa', 'AS', 'ASM'),
       (020, 'Andorra', 'AD', 'AND'),
       (024, 'Angola', 'AO', 'AGO'),
       (660, 'Anguilla', 'AI', 'AIA'),
       (010, 'Antarctica', 'AQ', 'ATA'),
       (028, 'Antigua and Barbuda', 'AG', 'ATG'),
       (032, 'Argentina', 'AR', 'ARG'),
       (051, 'Armenia', 'AM', 'ARM'),
       (533, 'Aruba', 'AW', 'ABW'),
       (036, 'Australia', 'AU', 'AUS'),
       (040, 'Austria', 'AT', 'AUT'),
       (031, 'Azerbaijan', 'AZ', 'AZE'),
       (044, 'Bahamas', 'BS', 'BHS'),
       (048, 'Bahrain', 'BH', 'BHR'),
       (050, 'Bangladesh', 'BD', 'BGD'),
       (052, 'Barbados', 'BB', 'BRB'),
       (112, 'Belarus', 'BY', 'BLR'),
       (056, 'Belgium', 'BE', 'BEL'),
       (084, 'Belize', 'BZ', 'BLZ'),
       (204, 'Benin', 'BJ', 'BEN'),
       (060, 'Bermuda', 'BM', 'BMU'),
       (064, 'Bhutan', 'BT', 'BTN'),
       (068, 'Bolivia (Plurinational State of)', 'BO', 'BOL'),
       (535, '"Bonaire, Sint Eustatius and Saba"', 'BQ', 'BES'),
       (070, 'Bosnia and Herzegovina', 'BA', 'BIH'),
       (072, 'Botswana', 'BW', 'BWA'),
       (074, 'Bouvet Island', 'BV', 'BVT'),
       (076, 'Brazil', 'BR', 'BRA'),
       (086, 'British Indian Ocean Territory', 'IO', 'IOT'),
       (096, 'Brunei Darussalam', 'BN', 'BRN'),
       (100, 'Bulgaria', 'BG', 'BGR'),
       (854, 'Burkina Faso', 'BF', 'BFA'),
       (108, 'Burundi', 'BI', 'BDI'),
       (132, 'Cabo Verde', 'CV', 'CPV'),
       (116, 'Cambodia', 'KH', 'KHM'),
       (120, 'Cameroon', 'CM', 'CMR'),
       (124, 'Canada', 'CA', 'CAN'),
       (136, 'Cayman Islands', 'KY', 'CYM'),
       (140, 'Central African Republic', 'CF', 'CAF'),
       (148, 'Chad', 'TD', 'TCD'),
       (152, 'Chile', 'CL', 'CHL'),
       (156, 'China', 'CN', 'CHN'),
       (162, 'Christmas Island', 'CX', 'CXR'),
       (166, 'Cocos (Keeling) Islands', 'CC', 'CCK'),
       (170, 'Colombia', 'CO', 'COL'),
       (174, 'Comoros', 'KM', 'COM'),
       (178, 'Congo', 'CG', 'COG'),
       (180, '"Congo, Democratic Republic of the"', 'CD', 'COD'),
       (184, 'Cook Islands', 'CK', 'COK'),
       (188, 'Costa Rica', 'CR', 'CRI'),
       (384, 'Côte d\'Ivoire', 'CI', 'CIV'),
       (191, 'Croatia', 'HR', 'HRV'),
       (192, 'Cuba', 'CU', 'CUB'),
       (531, 'Curaçao', 'CW', 'CUW'),
       (196, 'Cyprus', 'CY', 'CYP'),
       (203, 'Czechia', 'CZ', 'CZE'),
       (208, 'Denmark', 'DK', 'DNK'),
       (262, 'Djibouti', 'DJ', 'DJI'),
       (212, 'Dominica', 'DM', 'DMA'),
       (214, 'Dominican Republic', 'DO', 'DOM'),
       (218, 'Ecuador', 'EC', 'ECU'),
       (818, 'Egypt', 'EG', 'EGY'),
       (222, 'El Salvador', 'SV', 'SLV'),
       (226, 'Equatorial Guinea', 'GQ', 'GNQ'),
       (232, 'Eritrea', 'ER', 'ERI'),
       (233, 'Estonia', 'EE', 'EST'),
       (748, 'Eswatini', 'SZ', 'SWZ'),
       (231, 'Ethiopia', 'ET', 'ETH'),
       (238, 'Falkland Islands (Malvinas)', 'FK', 'FLK'),
       (234, 'Faroe Islands', 'FO', 'FRO'),
       (242, 'Fiji', 'FJ', 'FJI'),
       (246, 'Finland', 'FI', 'FIN'),
       (250, 'France', 'FR', 'FRA'),
       (254, 'French Guiana', 'GF', 'GUF'),
       (258, 'French Polynesia', 'PF', 'PYF'),
       (260, 'French Southern Territories', 'TF', 'ATF'),
       (266, 'Gabon', 'GA', 'GAB'),
       (270, 'Gambia', 'GM', 'GMB'),
       (268, 'Georgia', 'GE', 'GEO'),
       (276, 'Germany', 'DE', 'DEU'),
       (288, 'Ghana', 'GH', 'GHA'),
       (292, 'Gibraltar', 'GI', 'GIB'),
       (300, 'Greece', 'GR', 'GRC'),
       (304, 'Greenland', 'GL', 'GRL'),
       (308, 'Grenada', 'GD', 'GRD'),
       (312, 'Guadeloupe', 'GP', 'GLP'),
       (316, 'Guam', 'GU', 'GUM'),
       (320, 'Guatemala', 'GT', 'GTM'),
       (831, 'Guernsey', 'GG', 'GGY'),
       (324, 'Guinea', 'GN', 'GIN'),
       (624, 'Guinea-Bissau', 'GW', 'GNB'),
       (328, 'Guyana', 'GY', 'GUY'),
       (332, 'Haiti', 'HT', 'HTI'),
       (334, 'Heard Island and McDonald Islands', 'HM', 'HMD'),
       (336, 'Holy See', 'VA', 'VAT'),
       (340, 'Honduras', 'HN', 'HND'),
       (344, 'Hong Kong', 'HK', 'HKG'),
       (348, 'Hungary', 'HU', 'HUN'),
       (352, 'Iceland', 'IS', 'ISL'),
       (356, 'India', 'IN', 'IND'),
       (360, 'Indonesia', 'ID', 'IDN'),
       (364, 'Iran (Islamic Republic of)', 'IR', 'IRN'),
       (368, 'Iraq', 'IQ', 'IRQ'),
       (372, 'Ireland', 'IE', 'IRL'),
       (833, 'Isle of Man', 'IM', 'IMN'),
       (376, 'Israel', 'IL', 'ISR'),
       (380, 'Italy', 'IT', 'ITA'),
       (388, 'Jamaica', 'JM', 'JAM'),
       (392, 'Japan', 'JP', 'JPN'),
       (832, 'Jersey', 'JE', 'JEY'),
       (400, 'Jordan', 'JO', 'JOR'),
       (398, 'Kazakhstan', 'KZ', 'KAZ'),
       (404, 'Kenya', 'KE', 'KEN'),
       (296, 'Kiribati', 'KI', 'KIR'),
       (408, 'Korea (Democratic People\'s Republic of)', 'KP', 'PRK'),
       (410, '"Korea, Republic of"', 'KR', 'KOR'),
       (414, 'Kuwait', 'KW', 'KWT'),
       (417, 'Kyrgyzstan', 'KG', 'KGZ'),
       (418, 'Lao People\'s Democratic Republic', 'LA', 'LAO'),
       (428, 'Latvia', 'LV', 'LVA'),
       (422, 'Lebanon', 'LB', 'LBN'),
       (426, 'Lesotho', 'LS', 'LSO'),
       (430, 'Liberia', 'LR', 'LBR'),
       (434, 'Libya', 'LY', 'LBY'),
       (438, 'Liechtenstein', 'LI', 'LIE'),
       (440, 'Lithuania', 'LT', 'LTU'),
       (442, 'Luxembourg', 'LU', 'LUX'),
       (446, 'Macao', 'MO', 'MAC'),
       (450, 'Madagascar', 'MG', 'MDG'),
       (454, 'Malawi', 'MW', 'MWI'),
       (458, 'Malaysia', 'MY', 'MYS'),
       (462, 'Maldives', 'MV', 'MDV'),
       (466, 'Mali', 'ML', 'MLI'),
       (470, 'Malta', 'MT', 'MLT'),
       (584, 'Marshall Islands', 'MH', 'MHL'),
       (474, 'Martinique', 'MQ', 'MTQ'),
       (478, 'Mauritania', 'MR', 'MRT'),
       (480, 'Mauritius', 'MU', 'MUS'),
       (175, 'Mayotte', 'YT', 'MYT'),
       (484, 'Mexico', 'MX', 'MEX'),
       (583, 'Micronesia (Federated States of)', 'FM', 'FSM'),
       (498, '"Moldova, Republic of"', 'MD', 'MDA'),
       (492, 'Monaco', 'MC', 'MCO'),
       (496, 'Mongolia', 'MN', 'MNG'),
       (499, 'Montenegro', 'ME', 'MNE'),
       (500, 'Montserrat', 'MS', 'MSR'),
       (504, 'Morocco', 'MA', 'MAR'),
       (508, 'Mozambique', 'MZ', 'MOZ'),
       (104, 'Myanmar', 'MM', 'MMR'),
       (516, 'Namibia', 'NA', 'NAM'),
       (520, 'Nauru', 'NR', 'NRU'),
       (524, 'Nepal', 'NP', 'NPL'),
       (528, 'Netherlands', 'NL', 'NLD'),
       (540, 'New Caledonia', 'NC', 'NCL'),
       (554, 'New Zealand', 'NZ', 'NZL'),
       (558, 'Nicaragua', 'NI', 'NIC'),
       (562, 'Niger', 'NE', 'NER'),
       (566, 'Nigeria', 'NG', 'NGA'),
       (570, 'Niue', 'NU', 'NIU'),
       (574, 'Norfolk Island', 'NF', 'NFK'),
       (807, 'North Macedonia', 'MK', 'MKD'),
       (580, 'Northern Mariana Islands', 'MP', 'MNP'),
       (578, 'Norway', 'NO', 'NOR'),
       (512, 'Oman', 'OM', 'OMN'),
       (586, 'Pakistan', 'PK', 'PAK'),
       (585, 'Palau', 'PW', 'PLW'),
       (275, '"Palestine, State of"', 'PS', 'PSE'),
       (591, 'Panama', 'PA', 'PAN'),
       (598, 'Papua New Guinea', 'PG', 'PNG'),
       (600, 'Paraguay', 'PY', 'PRY'),
       (604, 'Peru', 'PE', 'PER'),
       (608, 'Philippines', 'PH', 'PHL'),
       (612, 'Pitcairn', 'PN', 'PCN'),
       (616, 'Poland', 'PL', 'POL'),
       (620, 'Portugal', 'PT', 'PRT'),
       (630, 'Puerto Rico', 'PR', 'PRI'),
       (634, 'Qatar', 'QA', 'QAT'),
       (638, 'Réunion', 'RE', 'REU'),
       (642, 'Romania', 'RO', 'ROU'),
       (643, 'Russian Federation', 'RU', 'RUS'),
       (646, 'Rwanda', 'RW', 'RWA'),
       (652, 'Saint Barthélemy', 'BL', 'BLM'),
       (654, '"Saint Helena, Ascension and Tristan da Cunha"', 'SH', 'SHN'),
       (659, 'Saint Kitts and Nevis', 'KN', 'KNA'),
       (662, 'Saint Lucia', 'LC', 'LCA'),
       (663, 'Saint Martin (French part)', 'MF', 'MAF'),
       (666, 'Saint Pierre and Miquelon', 'PM', 'SPM'),
       (670, 'Saint Vincent and the Grenadines', 'VC', 'VCT'),
       (882, 'Samoa', 'WS', 'WSM'),
       (674, 'San Marino', 'SM', 'SMR'),
       (678, 'Sao Tome and Principe', 'ST', 'STP'),
       (682, 'Saudi Arabia', 'SA', 'SAU'),
       (686, 'Senegal', 'SN', 'SEN'),
       (688, 'Serbia', 'RS', 'SRB'),
       (690, 'Seychelles', 'SC', 'SYC'),
       (694, 'Sierra Leone', 'SL', 'SLE'),
       (702, 'Singapore', 'SG', 'SGP'),
       (534, 'Sint Maarten (Dutch part)', 'SX', 'SXM'),
       (703, 'Slovakia', 'SK', 'SVK'),
       (705, 'Slovenia', 'SI', 'SVN'),
       (090, 'Solomon Islands', 'SB', 'SLB'),
       (706, 'Somalia', 'SO', 'SOM'),
       (710, 'South Africa', 'ZA', 'ZAF'),
       (239, 'South Georgia and the South Sandwich Islands', 'GS', 'SGS'),
       (728, 'South Sudan', 'SS', 'SSD'),
       (724, 'Spain', 'ES', 'ESP'),
       (144, 'Sri Lanka', 'LK', 'LKA'),
       (729, 'Sudan', 'SD', 'SDN'),
       (740, 'Suriname', 'SR', 'SUR'),
       (744, 'Svalbard and Jan Mayen', 'SJ', 'SJM'),
       (752, 'Sweden', 'SE', 'SWE'),
       (756, 'Switzerland', 'CH', 'CHE'),
       (760, 'Syrian Arab Republic', 'SY', 'SYR'),
       (158, '"Taiwan, Province of China"', 'TW', 'TWN'),
       (762, 'Tajikistan', 'TJ', 'TJK'),
       (834, '"Tanzania, United Republic of"', 'TZ', 'TZA'),
       (764, 'Thailand', 'TH', 'THA'),
       (626, 'Timor-Leste', 'TL', 'TLS'),
       (768, 'Togo', 'TG', 'TGO'),
       (772, 'Tokelau', 'TK', 'TKL'),
       (776, 'Tonga', 'TO', 'TON'),
       (780, 'Trinidad and Tobago', 'TT', 'TTO'),
       (788, 'Tunisia', 'TN', 'TUN'),
       (792, 'Turkey', 'TR', 'TUR'),
       (795, 'Turkmenistan', 'TM', 'TKM'),
       (796, 'Turks and Caicos Islands', 'TC', 'TCA'),
       (798, 'Tuvalu', 'TV', 'TUV'),
       (800, 'Uganda', 'UG', 'UGA'),
       (804, 'Ukraine', 'UA', 'UKR'),
       (784, 'United Arab Emirates', 'AE', 'ARE'),
       (826, 'United Kingdom of Great Britain and Northern Ireland', 'GB', 'GBR'),
       (840, 'United States of America', 'US', 'USA'),
       (581, 'United States Minor Outlying Islands', 'UM', 'UMI'),
       (858, 'Uruguay', 'UY', 'URY'),
       (860, 'Uzbekistan', 'UZ', 'UZB'),
       (548, 'Vanuatu', 'VU', 'VUT'),
       (862, 'Venezuela (Bolivarian Republic of)', 'VE', 'VEN'),
       (704, 'Viet Nam', 'VN', 'VNM'),
       (092, 'Virgin Islands (British)', 'VG', 'VGB'),
       (850, 'Virgin Islands (U.S.)', 'VI', 'VIR'),
       (876, 'Wallis and Futuna', 'WF', 'WLF'),
       (732, 'Western Sahara', 'EH', 'ESH'),
       (887, 'Yemen', 'YE', 'YEM'),
       (894, 'Zambia', 'ZM', 'ZMB'),
       (716, 'Zimbabwe', 'ZW', 'ZWE');
